{"cameraMode":{"drawMode":0,"name":"Shaded","section":"Shading Mode"},"sceneLighting":false,"audioPlay":false,"sceneViewState":{"showFog":true,"showMaterialUpdate":false,"showSkybox":false,"showFlares":true,"showImageEffects":true,"showParticleSystems":true},"in2DMode":false,"pivot":{"x":-17.957868576049806,"y":2.241337299346924,"z":9.911233901977539},"rotation":{"x":-0.1100989580154419,"y":0.2770080864429474,"z":-0.031968213617801669,"w":-0.9540051817893982},"size":5.572055816650391,"orthographic":false}