{"cameraMode":{"drawMode":0,"name":"Shaded","section":"Shading Mode"},"sceneLighting":false,"audioPlay":false,"sceneViewState":{"showFog":true,"showMaterialUpdate":false,"showSkybox":false,"showFlares":true,"showImageEffects":true,"showParticleSystems":true},"in2DMode":false,"pivot":{"x":-1.2940959930419922,"y":21.406774520874025,"z":-3.6354660987854006},"rotation":{"x":0.03633148595690727,"y":0.9636197686195374,"z":-0.18222583830356599,"w":0.1921234428882599},"size":4.958076000213623,"orthographic":false}