{"cameraMode":{"drawMode":0,"name":"Shaded","section":"Shading Mode"},"sceneLighting":false,"audioPlay":false,"sceneViewState":{"showFog":true,"showMaterialUpdate":false,"showSkybox":false,"showFlares":true,"showImageEffects":true,"showParticleSystems":true},"in2DMode":false,"pivot":{"x":21.828075408935548,"y":-4.741565704345703,"z":21.08544921875},"rotation":{"x":0.19234131276607514,"y":0.2244371920824051,"z":-0.0452384389936924,"w":0.9542463421821594},"size":10.579212188720704,"orthographic":false}